top_keyword_group,count,share
other,4967,0.21738369294061008
women,4896,0.2142763359446803
black,3539,0.15488642829007834
asian/pacific islander,2285,0.10000437655914919
hispanic,2231,0.09764103461858287
diversity,1990,0.08709352706901834
lgbtq+,1490,0.06521073132303383
native american,1421,0.06219090551008797
smaller targets,30,0.0013129677447590703
